Product Name,Price
Nokia 105 SS,"₹1,249"
Nokia 105 SS,"₹1,249"
Nokia 105 SS,"₹1,309"
Nokia 105 SS,"₹1,283"
Nokia 105 SS,"₹1,249"
Nokia TA-1010/105,"₹1,296"
Nokia 105 SS,"₹1,345"
Nokia 105,"₹1,440"
Nokia 110,"₹1,972"
Nokia 110,"₹1,945"
"Nokia 4.2 (Black, 32 GB)","₹10,800"
"Nokia 3.2 (Black, 32 GB)","₹10,980"
"Nokia 3.2 (Steel, 32 GB)","₹10,978"
"Nokia 2.3 (Sand, 32 GB)","₹9,040"
Nokia 105 ss,"₹1,000"
"Nokia 2.3 (Charcoal, 32 GB)","₹8,999"
Nokia 106,"₹1,499"
"Nokia 3.2 (Black, 32 GB)","₹9,994"
Nokia 150/150 DS,"₹1,500"
"Nokia 3.1 Plus (Baltic, 32 GB)","₹10,999"
Nokia 105,"₹1,499"
Nokia 3310 DS,"₹4,399"
Nokia 105 Dual Sim 2017,"₹1,149"
"Nokia 8.1 (Blue, 128 GB)","₹26,990"
